name,location,location,location,age,orientation,username
Annie Zayan,New Orleans,Massachusetts,Dallas,85,Queer,troubledBasmati2
Emily Bauer,Nashville,Seattle,Dallas,79,Transgender,abjectTeal6
Zayan Barbara,Minneapolis,Massachusetts,New Orleans,84,Queer,importedGnu4
Chase Traynor,Austin,Orlando,Minneapolis,24,Gender Fluid,brainyGarlic8
Adrian Cuevas,Massachusetts,Orlando,Dallas,37,Transgender,worriedTruffle3
Duggan Bauer,Seattle,Orlando,Nashville,78,Bisexual,stressedDotterel4
Kyal Morales,Minneapolis,New Orleans,Brooklyn,21,Bisexual,panickySnail3
Barbara Callaghan,Seattle,Massachusetts,New Orleans,88,Gender Fluid,aboardEagle9
Adrian Whitaker,New Orleans,Seattle,Brooklyn,25,Bisexual,cockyPonie6
Alfaro Callaghan,Austin,Orlando,Nashville,43,Queer,euphoricGatorade6
Whitaker Emily,Seattle,Minneapolis,Nashville,53,Bisexual,superiorPoultry3
Rose Kya,New Orleans,Minneapolis,Orlando,75,Lesbian,mildPudding4
Annie Emily,Seattle,Massachusetts,Brooklyn,95,Gender Fluid,scornfulFerret2
Barbara Cuevas,Massachusetts,Seattle,Minneapolis,19,Lesbian,wrathfulRaisins0
Merryn Barbara,Massachusetts,Dallas,Seattle,78,Bisexual,mereDinosaur5
Barbara Adrian,Minneapolis,Orlando,Dallas,93,Bisexual,madRelish3
Kyal Elif,Nashville,Massachusetts,Austin,22,Pansexual,outlyingLollies5
Rose Duggan,Orlando,Seattle,Nashville,65,Gender Fluid,crummyChowder7
Traynor Annie,Brooklyn,Nashville,New Orleans,98,Transgender,tautCockatoo1
Duggan Kya,Minneapolis,Austin,Dallas,63,Lesbian,lazyMandrill8
Zoya Callaghan,New Orleans,Minneapolis,Orlando,68,Queer,euphoricPonie0
Rose Duggan,Seattle,Brooklyn,New Orleans,28,Pansexual,crummyLizard6
Callaghan Morales,Seattle,New Orleans,Massachusetts,48,Gay,outlyingMussel2
Merryn Kyal,Nashville,New Orleans,Minneapolis,74,Queer,jealousLizard6
Rose Duggan,Orlando,Brooklyn,Austin,74,Transgender,annoyedPolenta1
Zoya Alfaro,Brooklyn,Dallas,Massachusetts,74,Gay,murkyMuesli0
Rose Elif,Minneapolis,Seattle,Brooklyn,65,Gender Fluid,trustingPear3
Emily Bauer,Austin,Brooklyn,Massachusetts,54,Queer,hushedDotterel7
Kya Barbara,New Orleans,Orlando,Dallas,51,Lesbian,lazyCheetah5
Traynor Elif,Seattle,Massachusetts,Dallas,39,Transgender,ardentCrane5
Callaghan Lord,Dallas,Austin,Seattle,32,Transgender,obsessedJerky0
Kyal Duggan,Orlando,Minneapolis,New Orleans,40,Transgender,wearyCaviar3
Whitaker Callaghan,New Orleans,Dallas,Orlando,53,Gay,giddyWildfowl5
Elif Zoya,Minneapolis,Seattle,Massachusetts,85,Gay,obsessedOryx7
Whitaker Barbara,Seattle,Dallas,Austin,74,Queer,joyfulDotterel2
Annie Whitaker,Dallas,Austin,Seattle,40,Lesbian,yearningHyena5
Traynor Duggan,Orlando,Seattle,Massachusetts,89,Queer,joyfulCrane3
Duggan Lord,Seattle,Minneapolis,Massachusetts,51,Transgender,wearyDoves3
Duggan Zayan,Austin,Minneapolis,Brooklyn,58,Gay,giddyLeopard5
Traynor Annie,New Orleans,Brooklyn,Austin,23,Pansexual,dopeyChough2
Elif Merryn,Austin,Massachusetts,Nashville,99,Bisexual,mildLapwing4
Kyal Morales,Minneapolis,Orlando,Massachusetts,21,Pansexual,ferventGelding2
Morales Whitaker,Orlando,New Orleans,Brooklyn,62,Gay,enragedClam1
Barbara Alfaro,Brooklyn,Nashville,Dallas,60,Bisexual,debonairCoati0
Bauer Emily,Seattle,Brooklyn,Massachusetts,91,Gender Fluid,pitifulWildfowl8
Chase Alfaro,Dallas,Seattle,New Orleans,30,Gay,pluckyCake4
Cuevas Zayan,Nashville,Austin,Brooklyn,46,Lesbian,lyingWeaver1
Elif Whitaker,Seattle,Massachusetts,Austin,65,Queer,wakefulCoati8
Cuevas Lord,Dallas,Orlando,New Orleans,71,Gay,needfulFlamingo3
Barbara Lord,Massachusetts,Seattle,Nashville,47,Transgender,dejectedBuck4
Cuevas Kyal,Massachusetts,New Orleans,Austin,36,Gender Fluid,offendedWeaver7
Traynor Kyal,Seattle,Orlando,Massachusetts,85,Bisexual,sheepishAbalone9
Annie Whitaker,Massachusetts,Nashville,Orlando,24,Lesbian,vengefulLollies2
Chase Rose,Minneapolis,Brooklyn,Massachusetts,34,Bisexual,boredHeron8
Morales Cuevas,Massachusetts,New Orleans,Nashville,36,Gay,lovesickShads7
Cuevas Annie,Dallas,Seattle,Orlando,50,Gay,cheerfulFalcon3
Cuevas Kyal,Brooklyn,Minneapolis,Seattle,21,Gay,abjectJerky1
Whitaker Lord,Dallas,Austin,Orlando,48,Gender Fluid,crummyCrane8
Duggan Emily,Minneapolis,Nashville,Seattle,48,Transgender,morbidSausage0
Alfaro Zayan,Austin,Nashville,Dallas,59,Gay,pitifulViper5
Morales Alfaro,Austin,Dallas,New Orleans,59,Gender Fluid,yearningFerret2
Adrian Whitaker,New Orleans,Austin,Nashville,33,Queer,superiorBustard8
Adrian Alfaro,New Orleans,Orlando,Brooklyn,25,Pansexual,finickyDunbird5
Alfaro Emily,Nashville,New Orleans,Seattle,28,Transgender,dopeyFerret0
Bauer Whitaker,Orlando,Seattle,Brooklyn,59,Gender Fluid,panickyOwl6
Zoya Rose,Massachusetts,New Orleans,Austin,59,Gay,resolvedPudding9
Duggan Callaghan,New Orleans,Seattle,Nashville,51,Transgender,pitifulWildfowl5
Zoya Alfaro,Massachusetts,Brooklyn,Dallas,38,Transgender,grudgingLapwing9
Chase Lord,Nashville,Austin,Orlando,65,Bisexual,thriftyCaviar0
Chase Morales,Minneapolis,New Orleans,Orlando,50,Gender Fluid,cheerfulSeafowl8
Callaghan Elif,Massachusetts,Brooklyn,Orlando,70,Transgender,alertDove0
Lord Chase,Orlando,Brooklyn,New Orleans,46,Pansexual,ashamedLizard1
Morales Emily,Dallas,Massachusetts,Seattle,36,Gender Fluid,pitifulHare3
Elif Bauer,Seattle,Minneapolis,Massachusetts,79,Lesbian,thrilledPudding3
Emily Kyal,New Orleans,Austin,Minneapolis,68,Gender Fluid,forsakenWildfowl1
Cuevas Whitaker,New Orleans,Massachusetts,Minneapolis,42,Lesbian,outlyingLard8
Adrian Annie,Brooklyn,Orlando,Dallas,96,Queer,forsakenPaella4
Duggan Callaghan,Austin,Minneapolis,Brooklyn,55,Pansexual,excitedDove7
Cuevas Merryn,Austin,Massachusetts,New Orleans,88,Gender Fluid,jubilantGatorade5
Barbara Kyal,Massachusetts,Austin,New Orleans,62,Pansexual,mercifulWeaver7
Bauer Zoya,New Orleans,Massachusetts,Minneapolis,63,Gay,somberSardines9
Kyal Merryn,Brooklyn,Minneapolis,Orlando,85,Bisexual,ashamedHyena2
Zayan Callaghan,Brooklyn,Austin,Minneapolis,86,Pansexual,aboardLizard0
Whitaker Cuevas,Nashville,Dallas,Orlando,62,Lesbian,shySeafowl8
Traynor Callaghan,Dallas,Seattle,New Orleans,74,Queer,pacifiedCrackers1
Merryn Duggan,Dallas,Orlando,Austin,71,Pansexual,chicRaisins8
Annie Alfaro,Minneapolis,Austin,Brooklyn,28,Gender Fluid,lovesickEagle7
Cuevas Bauer,Minneapolis,Nashville,Austin,31,Gay,outlyingDotterel1
Bauer Adrian,Nashville,Austin,Minneapolis,45,Gay,pluckyMandrill0
Chase Kyal,Brooklyn,Nashville,Austin,44,Transgender,relievedIguana0
Annie Merryn,Orlando,Massachusetts,Seattle,22,Transgender,cynicalBagels1
Elif Whitaker,Orlando,Nashville,Minneapolis,21,Bisexual,aboardApples8
Chase Rose,Massachusetts,Austin,Nashville,30,Lesbian,tautSardines0
Cuevas Merryn,Brooklyn,Seattle,Dallas,56,Transgender,madIcecream0
Zoya Barbara,Dallas,New Orleans,Orlando,43,Queer,empathicFalcon4
Zoya Rose,Massachusetts,Orlando,Seattle,57,Gay,betrayedCrane4
Kyal Callaghan,Austin,Minneapolis,Seattle,82,Transgender,forsakenMackerel4
Lord Barbara,Austin,Minneapolis,Dallas,25,Transgender,lovesickTeal7
Kyal Lord,Minneapolis,Austin,Massachusetts,49,Gay,resolvedChough6
Rose Annie,Massachusetts,Nashville,Austin,77,Pansexual,pacifiedLollies2
